run_id,timestep,round_idx,turn_in_round,agent,order,say_raw,plan_raw,analysis_raw,plan_atoms,plan_atom_count,plan_is_wait,plan_has_request,plan_canonical,say_is_nothing,say_len_chars,comm_call,comm_tokens_sum,comm_turns_json,turn_text_aligned,alignment_confidence
1057013ede0059e7,0,0,0,0,baked_potato_slices,"Please pick up a potato from the ingredient dispenser, place it on the chopping board, and cut it into slices.","Chef plan: request('pickup(potato, ingredient_dispenser)'); request('put_obj_in_utensil(chopping_board0)'); request('cut(chopping_board0)')","We need to make ""Baked Potato Slices,"" which involves cutting a potato, baking it, and serving it. Currently, both the chef and assistant hold nothing, and all utensils are empty. The assistant's first task should be to pick up a potato from the ingredient dispenser and use the chopping board to cut it into slices. I will need to communicate this to the assistant.","pickup(potato, ingredient_dispenser)",1,False,True,"pickup(potato, ingredient_dispenser)",False,110,1.0,610.0,"Please pick up a potato from the ingredient dispenser, place it on the chopping board, and cut it into slices.|[NOTHING]|[NOTHING]","Please pick up a potato from the ingredient dispenser, place it on the chopping board, and cut it into slices.",exact_len_match
1057013ede0059e7,0,0,1,1,baked_potato_slices,[NOTHING],"Assistant plan: pickup(potato, ingredient_dispenser); put_obj_in_utensil(chopping_board0)","The Chef has instructed me to begin by obtaining a potato from the ingredient dispenser and place it on the chopping board for slicing. This aligns with the first step of preparing the baked potato slices. Currently, there are no utensils in use, and no ingredients have been prepared yet. The environment is clear for me to proceed with the Chef's instructions. The next logical step is to pick up the potato and place it on the chopping board for cutting.","pickup(potato, ingredient_dispenser);put_obj_in_utensil(chopping_board0)",2,False,False,"pickup(potato, ingredient_dispenser);put_obj_in_utensil(chopping_board0)",True,9,0.0,0.0,,,nothing_say
1057013ede0059e7,0,0,2,0,baked_potato_slices,[NOTHING],Chef plan: wait(1),"Based on the current state, the assistant is in the process of handling the initial steps of the recipe: picking up the potato and placing it on the chopping board. Since the next step involves cutting the potato, I anticipate the assistant will proceed with this. Meanwhile, the oven in my space is empty and ready for use. Once the potato slices are ready, my role will be to bake them in the oven. The counters are empty, so there is room to place items if needed. I'll wait for the assistant to complete the cutting process before taking further action.",wait(1),1,True,False,wait(1),True,9,1.0,610.0,"Please pick up a potato from the ingredient dispenser, place it on the chopping board, and cut it into slices.|[NOTHING]|[NOTHING]",,nothing_say
1057013ede0059e7,1,0,0,0,baked_potato_slices,[NOTHING],Chef plan: wait(1),"The order we need to complete is ""baked_potato_slices."" According to the recipe, the first step is to cut a potato into slices. The Assistant is currently planning to pick up a potato from the ingredient dispenser and place it on the chopping board, which is the correct initial step. Given that the Assistant will likely cut the potato next, I will prepare for the subsequent step. Once the potato is sliced, it needs to be placed into the oven for baking. Since the oven is in my space, I'll be responsible for this. Currently, I have nothing to do until the potato is sliced, so I will wait.",wait(1),1,True,False,wait(1),True,9,0.0,0.0,,,nothing_say
1057013ede0059e7,2,0,0,0,baked_potato_slices,[NOTHING],Chef plan: wait(3),"We are starting with the order for Baked Potato Slices. The Assistant is about to pick up the potato and put it on the chopping board for slicing. According to the recipe, once the potato is sliced, it needs to be baked in the oven. My role will be to preheat the oven, prepare to bake, and then bake the potato slices once they are ready. Since the oven is in my space, I'll start by waiting for the Assistant to cut the potato, after which I'll be ready to bake the slices.",wait(3),1,True,False,wait(3),True,9,0.0,0.0,,,nothing_say
1057013ede0059e7,5,0,0,0,baked_potato_slices,[NOTHING],Chef plan: wait(1),"The current order is to prepare baked potato slices. According to the recipe, we need to cut a potato into slices, bake them in the oven, and then serve. The Assistant is currently holding a potato and is planning to put it on the chopping board to cut it, which is the first step. I cannot directly assist with this task as the chopping board is not in my space. My current space includes an oven and a pot, and I can access the counters. Once the potato slices are ready, I can bake them in the oven. I will wait for the Assistant to finish cutting the potato slices.",wait(1),1,True,False,wait(1),True,9,0.0,0.0,,,nothing_say
1057013ede0059e7,6,0,0,0,baked_potato_slices,Please cut the potato into slices on the chopping board.,Chef plan: request('cut(chopping_board0)'),"We need to complete the order for baked potato slices. The first step in the recipe is to cut a potato into slices, which is the Assistant's responsibility since the potato is already on the chopping board in their space. After the potato is cut, it should be placed in the oven for baking. I will request the Assistant to cut the potato, and then I will plan to place the potato slices into the oven once they are ready.",cut(chopping_board0),1,False,True,cut(chopping_board0),False,56,1.0,539.0,Please cut the potato into slices on the chopping board.|[NOTHING]|[NOTHING],Please cut the potato into slices on the chopping board.,exact_len_match
1057013ede0059e7,6,0,1,1,baked_potato_slices,[NOTHING],Assistant plan: cut(chopping_board0),"The current state shows that the potato is already placed on the chopping board, and my task is to slice it according to the Chef's previous instruction. Since the order is ""baked_potato_slices,"" slicing is a necessary step before baking. The Chef's space contains an oven, which is likely needed for baking, but first, I need to complete the slicing task.",cut(chopping_board0),1,False,False,cut(chopping_board0),True,9,0.0,0.0,,,nothing_say
1057013ede0059e7,6,0,2,0,baked_potato_slices,[NOTHING],Chef plan: wait(1),"The current order is to prepare baked potato slices. According to the recipe, the first step is to cut a potato into slices, which the Assistant is currently doing on chopping_board0. The next step involves placing the potato slices into the oven and baking them for 3 timesteps. I will need to request the Assistant to place the sliced potatoes on the counter after cutting, so I can move them to the oven. Currently, all utensils in my space (pot0, oven0, counter) are empty, and I am not holding anything. I will wait for the Assistant to complete the slice cutting, as I cannot proceed with the next step until I have the potato slices.",wait(1),1,True,False,wait(1),True,9,1.0,539.0,Please cut the potato into slices on the chopping board.|[NOTHING]|[NOTHING],,nothing_say
1057013ede0059e7,7,0,0,0,baked_potato_slices,"Please pick up a potato from the ingredient dispenser, cut it on the chopping board, and then place the sliced potato on the counter for me to bake. [END]",Chef plan: wait(2),"Currently, there are no actions planned for either me or the Assistant, and all utensils are empty. The Assistant has access to the ingredient dispenser, chopping board, and blender. According to the recipe, the first step is to cut a potato into slices. The Assistant should pick up a potato from the ingredient dispenser and then cut it on the chopping board. After the potato slices are ready, they need to be baked in the oven. I have access to the oven and the counter, so I should wait until the potato is chopped and placed on a counter by the Assistant, then put the slices in the oven and bake them.",wait(2),1,True,False,wait(2),False,154,1.0,614.0,"Please pick up a potato from the ingredient dispenser, cut it on the chopping board, and then place the sliced potato on the counter for me to bake. [END]|[NOTHING]|[NOTHING]","Please pick up a potato from the ingredient dispenser, cut it on the chopping board, and then place the sliced potato on the counter for me to bake. [END]",exact_len_match
1057013ede0059e7,7,0,1,1,baked_potato_slices,[NOTHING],Assistant plan: wait(2),"I have already picked up a potato, placed it on the chopping board, and started cutting it. Currently, the chopping board is processing the potato, and it will be ready in 2 timesteps. Since the potato is not yet ready, I need to wait for the chopping to finish. Once the chopping is complete, I should place the sliced potato on the counter for the Chef to pick up and bake. The Chef holds nothing and is likely waiting for my action to continue with the recipe.",wait(2),1,True,False,wait(2),True,9,0.0,0.0,,,nothing_say
1057013ede0059e7,7,0,2,0,baked_potato_slices,[NOTHING],Chef plan: wait(2),"Currently, the Assistant is engaged in a wait action for the chopping board to finish processing the onion, which is unrelated to our current order of baked potato slices. The Assistant has already acknowledged and understood my previous request to pick up and cut a potato. Given this, the Assistant's next step will likely be to complete the cutting of the potato once the wait period is over. In the meantime, there are no actions I can perform since the oven and pot are empty, and I am currently not holding any objects. Our focus remains on the baked potato slices, which require the Assistant to complete the cutting task before I can proceed with baking.",wait(2),1,True,False,wait(2),True,9,1.0,614.0,"Please pick up a potato from the ingredient dispenser, cut it on the chopping board, and then place the sliced potato on the counter for me to bake. [END]|[NOTHING]|[NOTHING]",,nothing_say
1057013ede0059e7,9,0,0,0,baked_potato_slices,[NOTHING],"Chef plan: pickup(potato_slices, chopping_board0);put_obj_in_utensil(oven0);bake(oven0)","We need to make baked potato slices. According to the recipe, the first step is cutting a potato into slices. The assistant should handle this, as they have access to the ingredient dispenser and chopping board. Currently, the chopping board already has potato slices, indicating this step has been completed. The next step is my responsibility: placing the potato slices into the oven and baking them. The oven is in my space, and it is currently empty. I will pick up the potato slices from the chopping board and place them in the oven to bake.","pickup(potato_slices, chopping_board0);put_obj_in_utensil(oven0);bake(oven0)",3,False,False,"pickup(potato_slices, chopping_board0);put_obj_in_utensil(oven0);bake(oven0)",True,9,0.0,0.0,,,nothing_say
1057013ede0059e7,9,0,1,0,baked_potato_slices,[NOTHING],"Chef plan: 
request('pickup(potato_slices, chopping_board0)');request('place_obj_on_counter()')","The current order is to prepare baked potato slices. According to the recipe, the potato must first be cut into slices and then baked in the oven. The assistant has already placed the potato slices on the chopping board, which is in the assistant's space. Since the chef cannot directly access the chopping board, the assistant needs to transfer the potato slices to a location accessible to the chef, such as the counter. Once the potato slices are on the counter, I can place them in the oven for baking.","pickup(potato_slices, chopping_board0)",1,False,True,"pickup(potato_slices, chopping_board0)",True,9,0.0,0.0,,,nothing_say
1057013ede0059e7,9,1,0,1,baked_potato_slices,Please pick up the potato slices from the counter and bake them in the oven.,"Assistant plan: pickup(potato_slices, chopping_board0);place_obj_on_counter();request('pickup(potato_slices, counter)')","We have successfully sliced the potatoes on the chopping board, and the next step in the recipe is likely to involve baking these slices. The Chef has access to the oven, so I need to transfer the potato slices to the Chef's side. Since I'm currently not holding anything, I should pick up the potato slices from the chopping board, place them on an available counter, and request the Chef to pick them up for baking.","pickup(potato_slices, counter)",1,False,True,"pickup(potato_slices, counter)",False,76,1.0,621.0,Please pick up the potato slices from the counter and bake them in the oven.|[NOTHING]|[NOTHING],Please pick up the potato slices from the counter and bake them in the oven.,exact_len_match
1057013ede0059e7,9,1,1,0,baked_potato_slices,[NOTHING],"Chef plan: pickup(potato_slices, chopping_board0);put_obj_in_utensil(oven0);bake(oven0)","Currently, the potato slices are ready on the chopping board, as mentioned by the Assistant. According to the recipe, the next step is to place the potato slices in the oven and bake them. I have access to the oven0 and can proceed with baking. The Assistant has no pending actions and has requested me to bake the potato slices. Therefore, I will pick up the potato slices from the chopping board and place them in the oven for baking.","pickup(potato_slices, chopping_board0);put_obj_in_utensil(oven0);bake(oven0)",3,False,False,"pickup(potato_slices, chopping_board0);put_obj_in_utensil(oven0);bake(oven0)",True,9,0.0,0.0,,,nothing_say
1057013ede0059e7,9,1,2,1,baked_potato_slices,[NOTHING],Assistant plan: wait(5),"The order is for baked potato slices, and I have already completed the step of cutting the potato on the chopping board. The Chef's space has an oven, which is needed for baking the potato slices. According to the Chef's planned actions, they will pick up the potato slices from the chopping board and bake them in the oven. My recent actions have prepared the potato slices on the chopping board, so my next step is to ensure that I have nothing else pending and wait for the Chef to complete their actions.",wait(5),1,True,False,wait(5),True,9,1.0,621.0,Please pick up the potato slices from the counter and bake them in the oven.|[NOTHING]|[NOTHING],,nothing_say
1057013ede0059e7,10,0,0,0,baked_potato_slices,[NOTHING],"Chef plan: request('pickup(potato_slices, chopping_board0)');request('place_obj_on_counter()')","The current order is for baked potato slices. Based on the recipe, we need to cut a potato into slices, place them into the oven, and bake for 3 timesteps. The current scene shows that the chopping board, where the potato slices are located, is not within my accessible space. I cannot interact with the chopping board directly. Therefore, I need the Assistant to place the potato slices on a counter, which is within my accessible space. Once the potato slices are on the counter, I can proceed with picking them up and placing them into the oven to bake.","pickup(potato_slices, chopping_board0)",1,False,True,"pickup(potato_slices, chopping_board0)",True,9,0.0,0.0,,,nothing_say
1057013ede0059e7,11,0,0,0,baked_potato_slices,Please place the potato slices from the chopping board into the oven so we can start baking.,Chef plan: request('put_obj_in_utensil(oven0)'),"The recipe for Baked Potato Slices requires us to first cut a potato into slices, which the Assistant has completed. The next step is to place these potato slices into the oven and bake them. Since the Assistant is currently waiting and holds nothing, I will request them to put the potato slices into the oven. The oven is in my Chef space, so I will be able to bake the potato slices once they are placed inside.",put_obj_in_utensil(oven0),1,False,True,put_obj_in_utensil(oven0),False,92,1.0,554.0,Please place the potato slices from the chopping board into the oven so we can start baking.|I have placed the potato slices on the counter. Please pick them up and place them in the oven to bake.|[NOTHING],Please place the potato slices from the chopping board into the oven so we can start baking.,fuzzy
1057013ede0059e7,11,0,1,1,baked_potato_slices,I have placed the potato slices on the counter. Please pick them up and place them in the oven to bake.,"Assistant plan: pickup(potato_slices, chopping_board0);place_obj_on_counter()","We currently have potato slices on the chopping board, which need to be moved to the oven for baking, as per the Chef's instructions. The Chef is relying on me to transfer the potato slices from the chopping board to the oven. The oven is located in the Chef's space, so I need to place the potato slices on the counter for the Chef to pick up. The next step involves picking up the potato slices and placing them on the counter.","pickup(potato_slices, chopping_board0);place_obj_on_counter()",2,False,False,"pickup(potato_slices, chopping_board0);place_obj_on_counter()",False,103,0.0,0.0,,,no_comm_turns
1057013ede0059e7,11,0,2,0,baked_potato_slices,[NOTHING],"Chef plan: pickup(potato_slices, counter);put_obj_in_utensil(oven0);bake(oven0)","We are currently in the process of preparing the baked potato slices. The assistant has already sliced the potatoes and placed them on the counter, as communicated in the conversation history. The next logical step is to transfer these potato slices to the oven for baking. I can now pick up the potato slices from the counter and place them in the oven, which is currently empty and available for use. This synchronization will ensure that we make efficient use of our time and resources to complete the order.","pickup(potato_slices, counter);put_obj_in_utensil(oven0);bake(oven0)",3,False,False,"pickup(potato_slices, counter);put_obj_in_utensil(oven0);bake(oven0)",True,9,1.0,554.0,Please place the potato slices from the chopping board into the oven so we can start baking.|I have placed the potato slices on the counter. Please pick them up and place them in the oven to bake.|[NOTHING],,nothing_say
1057013ede0059e7,11,0,3,0,baked_potato_slices,[NOTHING],Chef plan: wait(3),"In the current situation, the assistant is preparing the potato slices by waiting and will then pick up and place them on the counter for me to use. The assistant is currently working on the step of cutting the potato and placing the slices on the counter. I attempted to pick up the potato slices prematurely, which resulted in an error because the slices were not yet placed on the counter. Since the assistant is handling the preparation of the potato slices, I need to wait until the slices are available on the counter.",wait(3),1,True,False,wait(3),True,9,1.0,554.0,Please place the potato slices from the chopping board into the oven so we can start baking.|I have placed the potato slices on the counter. Please pick them up and place them in the oven to bake.|[NOTHING],,nothing_say
1057013ede0059e7,14,0,0,0,baked_potato_slices,[NOTHING],"Chef plan: pickup(potato_slices, counter);put_obj_in_utensil(oven0);bake(oven0)","Given the current state, the assistant and I need to focus on preparing the baked potato slices according to the recipe. The assistant is expected to pick up a potato, cut it, and prepare it for the oven. Since there are potato slices already on one of the counters, I will pick them up and place them directly in the oven to bake. This will help us proceed with the next step of the recipe efficiently.","pickup(potato_slices, counter);put_obj_in_utensil(oven0);bake(oven0)",3,False,False,"pickup(potato_slices, counter);put_obj_in_utensil(oven0);bake(oven0)",True,9,0.0,0.0,,,nothing_say
1057013ede0059e7,14,1,0,1,baked_potato_slices,[NOTHING],Assistant plan: wait(5),"Based on the current scene, the Chef is planning to pick up the potato slices from the counter and place them in the oven, which is a necessary step for baking. My previous actions have already prepared the potato slices by cutting them, and now they need to be baked as per the recipe. My space includes the chopping board, blender, dish dispenser, and ingredient dispenser, and I'm currently holding nothing. There is no immediate action for me to take until the Chef completes their current plan of using the oven. Therefore, I will wait for the next steps from the Chef after they have started the baking process.",wait(5),1,True,False,wait(5),True,9,0.0,0.0,,,nothing_say
1057013ede0059e7,19,1,0,1,baked_potato_slices,Please let me know if you need me to get a dish for serving once the baking is done.,"Assistant plan: request('pickup(dish, dish_dispenser)')","The order is for baked_potato_slices. I've already sliced the potato and placed it on the counter, which the Chef is now holding. The Chef's plan is to put the potato slices into the oven and start baking. Right now, my role involves ensuring that once baking is complete, a dish will be ready to serve the food. Given that the oven is empty and the Chef is holding the potato slices, they are prepared to execute the baking step. I need to prepare to get a dish from the dish dispenser, in case the Chef needs assistance with serving.","pickup(dish, dish_dispenser)",1,False,True,"pickup(dish, dish_dispenser)",False,84,1.0,575.0,Please let me know if you need me to get a dish for serving once the baking is done.|[NOTHING]|[NOTHING],Please let me know if you need me to get a dish for serving once the baking is done.,exact_len_match
1057013ede0059e7,19,1,1,0,baked_potato_slices,[NOTHING],Chef plan: put_obj_in_utensil(oven0);bake(oven0),"We are currently in the process of baking the potato slices. I am holding the potato slices, and the next step according to our recipe is to bake them in the oven for 3 timesteps. The oven is empty, so I need to place the potato slices into the oven and initiate the baking process. The Assistant is aware that a dish might be needed for serving based on their previous message. Since I'm handling the baking, I'll proceed with placing the potato slices into the oven and start baking.",put_obj_in_utensil(oven0);bake(oven0),2,False,False,put_obj_in_utensil(oven0);bake(oven0),True,9,0.0,0.0,,,nothing_say
1057013ede0059e7,19,1,2,1,baked_potato_slices,[NOTHING],Assistant plan: wait(5),"Based on the scene, I have successfully sliced a potato and placed it on the counter. The Chef has picked it up and plans to use the oven to bake the potato slices, as indicated by their intended actions. This is consistent with the order for baked potato slices. There are no immediate actions for me to perform, as the Chef is taking the necessary steps to bake the potato slices. Once the baking is complete, I may need to assist with getting a dish for serving, as previously discussed with the Chef.",wait(5),1,True,False,wait(5),True,9,1.0,575.0,Please let me know if you need me to get a dish for serving once the baking is done.|[NOTHING]|[NOTHING],,nothing_say
1057013ede0059e7,21,0,0,0,baked_potato_slices,[NOTHING],Chef plan: wait(2),"The current order is for baked potato slices. The potato has already been sliced by the assistant and placed into the oven. The oven is processing the potato slices, and they will be ready in 2 timesteps. My successful action history shows that I previously picked up potato slices and placed them into the oven, which aligns with the recipe's cooking steps. Given the current scene, I hold nothing, and the oven is currently processing. My immediate task is to wait until the potato slices are baked so I can serve them directly as per the recipe. Since the assistant is waiting for the oven to finish processing, I will also wait.",wait(2),1,True,False,wait(2),True,9,0.0,0.0,,,nothing_say
1057013ede0059e7,23,0,0,0,baked_potato_slices,[NOTHING],"Chef plan: pickup(baked_potato_slices, oven0);deliver_soup()","The baked potato slices are ready in the oven0, and I am currently holding nothing. According to the recipe, the next step is to take the baked potato slices directly from the oven and serve them. Since there is no need to use a dish according to the recipe, I can directly pick up the baked potato slices from the oven and deliver them. There are no pending tasks for the Assistant as they are waiting, and the order is ready to be served.","pickup(baked_potato_slices, oven0);deliver_soup()",2,False,False,"pickup(baked_potato_slices, oven0);deliver_soup()",True,9,0.0,0.0,,,nothing_say
1057013ede0059e7,24,1,0,1,baked_potato_slices,[NOTHING],Assistant plan: wait(1),"Currently, the Chef is holding 'baked_potato_slices' and plans to deliver the order. From the previous actions, I have already prepared and placed the potato slices on the counter, which the Chef has picked up. Since the order is 'baked_potato_slices', and the Chef is about to deliver it, there is no additional task for me at this moment. All utensils in my space are empty, and there are no further instructions or requests from the Chef that require my action.",wait(1),1,True,False,wait(1),True,9,0.0,0.0,,,nothing_say
1057013ede0059e7,25,1,0,1,baked_potato_slices,[NOTHING],"Assistant plan: 
wait(1)","1. Based on the successful actions, I have already prepared potato slices by cutting potatoes on the chopping board. 
2. The Chef is currently holding the baked_potato_slices and plans to deliver them, which aligns with completing the current order of baked_potato_slices. 
3. My interactive space includes a chopping board, a blender, and an ingredient dispenser, but the task at hand doesn't require further action from me as the Chef is about to deliver the completed dish.
4. Since the Chef has the dish and is set to deliver it, there are no actions required from me at this moment.",wait(1),1,True,False,wait(1),True,9,0.0,0.0,,,nothing_say
